{"x-size-mm": 100.0, "y-size-mm": 33.038729405978835, "filename": "/Users/bill/qrl/topophile/topophile/bam/bam/app/model_cache/c236s72vpbrv-c236rt70010n.stl", "area-mm2": 13989.16517522048, "z-size-mm": 41.09875455038955, "volume-mm3": 94449.621147067635}